data_1,data_2,data_3,data_4,data_5,data_6,data_7,data_8,data_9,data_10,label
0.9183869151013208,1.04450498870669,0.775008014048893,0.446292343879283,0.5732877631285489,0.29658823005169105,0.27903651572882804,0.688393984587927,0.59452608100145,0.28548434637325,building
-0.658214725277496,-0.3445724263003869,-0.533173297066724,-0.370599882989074,0.0216479746696637,-0.2449789110435729,-1.0644579737649,-1.1090978936805902,-0.60714755713338,-0.201154722446412,tool
0.0220066022051099,-0.0364172819238256,-0.275899815671758,-0.6928402051981122,-0.40965434764941705,0.889126393970274,0.754473129682588,0.4491943900005589,-0.0105364506177164,-0.4212002052091871,building
0.0386572226662318,-0.0451421797712503,-0.0128971011259222,-0.538275098750526,-1.12690835575603,0.817059397564646,0.19599505720815805,-0.197617117959039,-0.0322462232758091,0.182627423696276,building
-0.20478548747564893,0.25134374555121103,0.585465855592448,0.630893598242461,0.2475479361918889,0.216531639964932,-0.0659635039414077,0.258022403289738,0.11567843013046696,-0.270910990904401,tool
